id,labels,hash12,sequence,length,novelty,research_score,therapeutic_potential,physics_validation,druggability,confidence,aggregation_propensity,feasibility,priority,cluster_size,value_tag,publication_ready,low_complexity
Novel_Target_2,Novel_Target_2,bc3c61e1f643,PCFFLFGAIIGLAALLCGGFFAEDVCYIISY,31,0.968,0.904,1.0,1.0,0.519,1.0,1.0,0.6,0.898,1,medium_value,True,False
Novel_Target_1,Novel_Target_1,d6ad3286ec0f,TFFMVGGVVHSLLFPESDSRWKLVFFARCGFFLDSLDVIGQWIV,44,0.909,0.918,0.986,1.0,0.614,0.996,1.0,0.6,0.888,1,high_value,True,False
Novel_Target_1,Novel_Target_1,8e75d8c41fad,WKHIISQNAQNHFFYHKFFLWYPWNMVGGVVLLE,34,0.971,0.865,0.894,1.0,0.506,0.968,1.0,0.6,0.885,1,medium_value,True,False
Novel_Target_5,Novel_Target_5,fb13d77ed9de,FFMRFAEDVQEKLVFFIIECIKLLCGKLVFFQALVFFAVVR,41,0.902,0.914,0.968,1.0,0.627,0.99,1.0,0.6,0.885,1,high_value,True,False
Novel_Target_1,Novel_Target_1,67262e9edbda,CASFFVLVFFACYRKCLDCFAEDVFQPAANNHFARYIIV,39,0.929,0.893,0.906,1.0,0.628,0.972,1.0,0.6,0.884,1,high_value,True,False
Novel_Target_4,Novel_Target_4,c13a3e1ed0cf,YKHLLEHHSIFFIVGAIIGLALVFFASEIIWGRAVLLKGPL,41,0.927,0.889,0.993,1.0,0.459,0.998,1.0,0.6,0.883,1,medium_value,True,False
Novel_Target_4,Novel_Target_4,400c1819ace5,EFYYQINHGAIIGLLVFFAQIEKLVFFDKSDGGFHWVMVA,40,0.925,0.893,0.95,1.0,0.55,0.985,1.0,0.6,0.883,1,medium_value,True,False
Novel_Target_3,Novel_Target_3,1b08f2090323,CLVFFAGAIIGLRLALLVVPLYAAEAVVFKPKF,33,0.909,0.896,1.0,1.0,0.482,1.0,1.0,0.6,0.88,1,medium_value,True,False
Novel_Target_1,Novel_Target_1,3361363eb484,EIIFGAIIGLKLVFFLVRLVFFAASFMFFFPIDATFFPSDIIVVF,45,0.889,0.907,1.0,1.0,0.536,1.0,1.0,0.6,0.879,1,medium_value,True,False
Novel_Target_2,Novel_Target_2,428dd3af68bc,MVGGVVLQNYFNVFFIIKSNFFDQWGDDIQ,30,0.875,0.919,1.0,1.0,0.593,1.0,1.0,0.6,0.879,1,medium_value,True,False
Novel_Target_5,Novel_Target_5,8a759c23b901,EHLVFFAYNGSGGPHYGAAHERALVFFAIKLVFFAAIKN,39,0.949,0.85,0.802,1.0,0.592,0.941,1.0,0.6,0.875,1,medium_value,True,False
Novel_Target_4,Novel_Target_4,224b201c989c,QGAIIGLYLLGTSSYLSNKERMVGGVVKLVFFFIIWVDI,39,0.897,0.89,1.0,1.0,0.451,1.0,1.0,0.6,0.875,1,medium_value,True,False
Novel_Target_5,Novel_Target_5,8d04bf07cf55,IIISTYAYISGGSFFKFAEDVMVGGVVPGGWSEYLVFFAFFHKVDKA,47,0.915,0.869,0.877,1.0,0.56,0.963,1.0,0.6,0.873,1,medium_value,True,False
Novel_Target_3,Novel_Target_3,2336eb9d19ff,YFFVWDVIIEHWRGAIIGLWMFAGGGAIIGLT,32,0.906,0.877,0.908,1.0,0.544,0.972,1.0,0.6,0.873,1,medium_value,True,False
Novel_Target_1,Novel_Target_1,1d14c308e560,AAIIGAIIGLGGQRNYLVFFAIPWAYLAAVWVA,33,0.952,0.841,0.88,1.0,0.412,0.964,1.0,0.6,0.872,1,medium_value,True,False
Novel_Target_4,Novel_Target_4,cf4d184e0179,HQDWCVCLVFFAVVLLTINFLIIEPVVRYLLE,32,0.906,0.873,0.952,1.0,0.447,0.985,1.0,0.6,0.871,1,medium_value,True,False
Novel_Target_4,Novel_Target_4,678f127480ac,LLIISFAEDVVMGAIIGLTDAAGGLDSAAERAWIQ,35,0.914,0.859,0.943,1.0,0.394,0.983,1.0,0.6,0.869,1,low_value,True,False
Novel_Target_3,Novel_Target_3,07bcb8c16748,GAIIGLIIMCMACMVGGVVGGMKQLLALFFLL,32,0.929,0.835,0.97,1.0,0.225,0.991,1.0,0.6,0.864,1,low_value,True,False
Novel_Target_6,Novel_Target_6,1d820f37bcd0,QLAACWAALVFFAQNFFFFFGGAMIILLTDG,31,0.844,0.897,1.0,1.0,0.487,1.0,1.0,0.6,0.863,1,medium_value,True,False
Novel_Target_5,Novel_Target_5,4ea987217583,IIMFAEDVKYSGGELSFSDWGGGIIGGLVFFAYTFVVVVGI,41,0.854,0.88,0.917,1.0,0.541,0.975,1.0,0.6,0.86,1,medium_value,True,False
Novel_Target_2,Novel_Target_2,4401f391d2c0,PWFFSFFLKLVFFFFQRFFCWVVWIIKTVGHHAKLVFFR,39,0.857,0.868,0.882,1.0,0.541,0.965,1.0,0.6,0.857,1,medium_value,True,False
Novel_Target_3,Novel_Target_3,c5510d5c0d07,EHFAEDVDLNTAVIIIIHMVGGVVEGYYMVGGVVFAAMRGAIIGLGRN,48,0.917,0.814,0.812,1.0,0.396,0.944,1.0,0.6,0.854,1,low_value,True,False
Novel_Target_2,Novel_Target_2,88193d4d5c67,CMYEFGSRFAEDVLLGGIYNEAADAWDVVPA,31,0.875,0.845,0.794,1.0,0.597,0.938,0.968,0.6,0.853,1,medium_value,True,False
Novel_Target_3,Novel_Target_3,92363c95cead,CRMQGIAAKIIFAEDVFRGGAVVGMGGPLLMA,32,0.875,0.836,0.881,1.0,0.388,0.964,1.0,0.6,0.85,1,low_value,True,False
Novel_Target_2,Novel_Target_2,54b41b2a780d,KLVFFMRFFRTNGGSGAIIGLSVQVSGAIIGLAAEKNM,38,0.857,0.843,0.889,1.0,0.405,0.967,1.0,0.6,0.848,1,medium_value,True,False
Novel_Target_1,Novel_Target_1,137a3c462a93,ALVPPDAIIESKLVFFNFFYKAGGTYKLVFFVT,33,0.857,0.837,0.783,1.0,0.561,0.935,1.0,0.6,0.846,1,medium_value,True,False
Novel_Target_4,Novel_Target_4,26f84dae32d3,AAACWKGGYEAWYPTFAEDVVVRFASHPWTIWDSSIIYPY,40,0.881,0.8,0.675,1.0,0.56,0.902,1.0,0.6,0.839,1,medium_value,True,False
Novel_Target_3,Novel_Target_3,316dd57223e7,CYVFECKLVFFGGFFMCNYFIKFFGGAIIGLMFFG,35,0.786,0.873,0.914,1.0,0.511,0.974,1.0,0.6,0.839,1,medium_value,True,False
Novel_Target_2,Novel_Target_2,e54de3c43af2,RVLLMVGGVVAGGITIIHFEHEVMALFAEDVGIMIAAVIIHWYNC,45,0.889,0.79,0.767,1.0,0.351,0.93,1.0,0.6,0.838,1,low_value,True,False
Novel_Target_1,Novel_Target_1,33f3b9c9f134,WNASQKFAEDVPEFMWYVVCCLEHVANESEDMVGGVVIILLFAEDVGG,48,0.854,0.813,0.75,1.0,0.496,0.925,1.0,0.6,0.837,1,medium_value,True,False
Novel_Target_5,Novel_Target_5,c83ee9e21942,YNNAAGNTLRIYKGGFFPCVKMHMF,25,0.736,0.9,0.944,1.0,0.596,0.983,1.0,0.6,0.834,1,medium_value,True,False
Novel_Target_5,Novel_Target_5,0daa90dd5ce8,VVFKLLVHGGKVGTMFAEDVLLAYR,25,0.768,0.867,0.908,1.0,0.492,0.972,1.0,0.6,0.832,1,medium_value,True,False
Novel_Target_4,Novel_Target_4,9a1f98b47258,TPPHDLILLLVFFACGYLLMVVAY,24,0.743,0.888,1.0,1.0,0.442,1.0,1.0,0.6,0.832,1,medium_value,True,False
Novel_Target_1,Novel_Target_1,08ea9039ebd6,FFGHRMYLLEWKGLVFFAQGGHDCEAFR,28,0.7,0.916,0.962,1.0,0.643,0.989,1.0,0.6,0.829,1,high_value,True,False
Novel_Target_5,Novel_Target_5,e07030f5448b,VRTYLMEMYTLSVVYLLFAEDVVVGM,26,0.725,0.873,0.919,1.0,0.508,0.976,1.0,0.6,0.821,1,medium_value,True,False
Novel_Target_4,Novel_Target_4,c7ec85856c77,RAAYPIILFAEDVGGAAKCGGYKDQTAGAIIGLKFKFPT,39,0.857,0.764,0.662,1.0,0.521,0.898,0.769,0.6,0.82,1,medium_value,True,False
Novel_Target_3,Novel_Target_3,d74f58fadce5,IPIIILTLVFFAFAEDVGPMGIFAAPY,27,0.686,0.903,1.0,1.0,0.515,1.0,1.0,0.6,0.82,1,medium_value,True,False
Novel_Target_5,Novel_Target_5,7b0699cd4b08,GYPKLVFFLVVHSMSEHQVVTAQKGGIRR,29,0.69,0.865,0.926,1.0,0.452,0.978,1.0,0.6,0.808,1,medium_value,True,False
Novel_Target_2,Novel_Target_2,ca9f1534116c,LQGAIIGLKAHAASDMAACLEYIIH,25,0.724,0.827,0.93,1.0,0.308,0.979,0.9,0.6,0.805,1,low_value,True,False
Novel_Target_3,Novel_Target_3,2448cadb8963,GGYSAAAHHVMGPPQKLVFFVRNAM,25,0.725,0.825,0.886,1.0,0.372,0.966,0.9,0.6,0.804,1,low_value,True,False
Novel_Target_4,Novel_Target_4,faba97cee2eb,LLLLASGTGGMVYMQIAYRGGFSHC,25,0.704,0.836,0.893,1.0,0.364,0.968,1.0,0.6,0.802,1,low_value,True,False
Novel_Target_1,Novel_Target_1,645a84663ba3,GGFAEDVNHEKDQVPFDIYLVVMISR,26,0.625,0.886,0.885,1.0,0.627,0.966,1.0,0.6,0.795,1,high_value,True,False
Novel_Target_4,Novel_Target_4,053129664faa,AALVFFATPLYLAYKVQMVGGVVSINK,27,0.622,0.858,0.936,1.0,0.4,0.981,1.0,0.6,0.785,1,low_value,True,False
Amyloid_Beta_42,Amyloid_Beta_42,df68e944e2c6,DAEFRHDSGYEVHHQKLVFFAEDVGSNKGAIIGLMVGGVVIA,42,0.0,0.901,1.0,1.0,0.529,1.0,0.952,0.6,0.405,1,medium_value,True,False
Amyloid_Beta_Core,Amyloid_Beta_Core,abb59a6e3f41,KLVFFAEDVGSNKGAIIGLMVGGVV,25,0.0,0.888,1.0,1.0,0.44,1.0,1.0,0.6,0.401,1,medium_value,True,False
Alpha_Synuclein_NAC,Alpha_Synuclein_NAC,51303489a328,GVVHGVATVAEKTKEQVTNVGGAVVTGVTAVA,32,0.0,0.727,0.684,1.0,0.287,0.905,0.781,0.6,0.344,1,low_value,True,False
